institution_name,category,status,revocation_date,receiver,legal_basis,source_document
1ST EYE MICROFINANCE COMPANY LIMITED,Microfinance,Insolvent,2019-05-31,Eric Nipah (PwC),Act 930 s.123(1),"BoG Notice, 31 May 2019 (microfinance)"
ABEPA MICROFINANCE LIMITED,Microfinance,Insolvent,2019-05-31,Eric Nipah (PwC),Act 930 s.123(1),"BoG Notice, 31 May 2019 (microfinance)"
ACEA MICROFINANCE CO. LIMITED,Microfinance,Insolvent,2019-05-31,Eric Nipah (PwC),Act 930 s.123(1),"BoG Notice, 31 May 2019 (microfinance)"
ADOM SIKA MICROFINANCE LIMITED,Microfinance,Insolvent,2019-05-31,Eric Nipah (PwC),Act 930 s.123(1),"BoG Notice, 31 May 2019 (microfinance)"
ADVALUE MICROFINANCE LIMITED,Microfinance,Insolvent,2019-05-31,Eric Nipah (PwC),Act 930 s.123(1),"BoG Notice, 31 May 2019 (microfinance)"
AE MICROFINANCE COMPANY LIMITED,Microfinance,Insolvent,2019-05-31,Eric Nipah (PwC),Act 930 s.123(1),"BoG Notice, 31 May 2019 (microfinance)"
AF MICROFINANCE COMPANY LIMITED,Microfinance,Insolvent,2019-05-31,Eric Nipah (PwC),Act 930 s.123(1),"BoG Notice, 31 May 2019 (microfinance)"
AFRIQUE CAPITAL MICROFINANCE LIMITED,Microfinance,Insolvent,2019-05-31,Eric Nipah (PwC),Act 930 s.123(1),"BoG Notice, 31 May 2019 (microfinance)"
AKAD MICROFINANCE LIMITED,Microfinance,Insolvent,2019-05-31,Eric Nipah (PwC),Act 930 s.123(1),"BoG Notice, 31 May 2019 (microfinance)"
AKI MICROFINANCE COMPANY LIMITED,Microfinance,Insolvent,2019-05-31,Eric Nipah (PwC),Act 930 s.123(1),"BoG Notice, 31 May 2019 (microfinance)"
ALL GHANA MICROFINANCE LIMITED,Microfinance,Insolvent,2019-05-31,Eric Nipah (PwC),Act 930 s.123(1),"BoG Notice, 31 May 2019 (microfinance)"
ALL INCLUSIVE MICROFINANCE LIMITED,Microfinance,Insolvent,2019-05-31,Eric Nipah (PwC),Act 930 s.123(1),"BoG Notice, 31 May 2019 (microfinance)"
ALLIANCETRUST MICROFINANCE LIMITED,Microfinance,Insolvent,2019-05-31,Eric Nipah (PwC),Act 930 s.123(1),"BoG Notice, 31 May 2019 (microfinance)"
AMISGOLD MICROFINANCE SERVICES LIMITED,Microfinance,Insolvent,2019-05-31,Eric Nipah (PwC),Act 930 s.123(1),"BoG Notice, 31 May 2019 (microfinance)"
A-N MICROFINANCE SERVICES LIMITED,Microfinance,Insolvent,2019-05-31,Eric Nipah (PwC),Act 930 s.123(1),"BoG Notice, 31 May 2019 (microfinance)"
A-ONE TRUST MICROFINANCE SERVICES LIMITED,Microfinance,Insolvent,2019-05-31,Eric Nipah (PwC),Act 930 s.123(1),"BoG Notice, 31 May 2019 (microfinance)"
APPIADUMAN MICROFINANCE LIMITED,Microfinance,Insolvent,2019-05-31,Eric Nipah (PwC),Act 930 s.123(1),"BoG Notice, 31 May 2019 (microfinance)"
ASPET-A MICROFINANCE LIMITED,Microfinance,Insolvent,2019-05-31,Eric Nipah (PwC),Act 930 s.123(1),"BoG Notice, 31 May 2019 (microfinance)"
A-STAR MICROFINANCE LIMITED,Microfinance,Insolvent,2019-05-31,Eric Nipah (PwC),Act 930 s.123(1),"BoG Notice, 31 May 2019 (microfinance)"
AXIS DIRECT MICROFINANCE COMPANY LIMITED,Microfinance,Insolvent,2019-05-31,Eric Nipah (PwC),Act 930 s.123(1),"BoG Notice, 31 May 2019 (microfinance)"
BENKOSON MICROFINANCE LIMITED,Microfinance,Insolvent,2019-05-31,Eric Nipah (PwC),Act 930 s.123(1),"BoG Notice, 31 May 2019 (microfinance)"
BEST MICROFINANCE SERVICES LIMITED,Microfinance,Insolvent,2019-05-31,Eric Nipah (PwC),Act 930 s.123(1),"BoG Notice, 31 May 2019 (microfinance)"
BLUEHILLS MICROFINANCE LIMITED,Microfinance,Insolvent,2019-05-31,Eric Nipah (PwC),Act 930 s.123(1),"BoG Notice, 31 May 2019 (microfinance)"
BOAFO NE NYAME MICROFINANCE LIMITED,Microfinance,Insolvent,2019-05-31,Eric Nipah (PwC),Act 930 s.123(1),"BoG Notice, 31 May 2019 (microfinance)"
BODEV MICROFINANCE LIMITED,Microfinance,Insolvent,2019-05-31,Eric Nipah (PwC),Act 930 s.123(1),"BoG Notice, 31 May 2019 (microfinance)"
BOIN MICROFINANCE LIMITED,Microfinance,Insolvent,2019-05-31,Eric Nipah (PwC),Act 930 s.123(1),"BoG Notice, 31 May 2019 (microfinance)"
BONAMAX MICROFINANCE COMPANY LIMITED,Microfinance,Insolvent,2019-05-31,Eric Nipah (PwC),Act 930 s.123(1),"BoG Notice, 31 May 2019 (microfinance)"
BRITE LIFE MICROFINANCE LIMITED,Microfinance,Insolvent,2019-05-31,Eric Nipah (PwC),Act 930 s.123(1),"BoG Notice, 31 May 2019 (microfinance)"
BROADVIEW CAPITAL MICROFINANCE LIMITED,Microfinance,Insolvent,2019-05-31,Eric Nipah (PwC),Act 930 s.123(1),"BoG Notice, 31 May 2019 (microfinance)"
CAPITAL AND MORE MICROFINANCE COMPANY LIMITED,Microfinance,Insolvent,2019-05-31,Eric Nipah (PwC),Act 930 s.123(1),"BoG Notice, 31 May 2019 (microfinance)"
CAPITAL CONNECT MICROFINANCE LIMITED,Microfinance,Insolvent,2019-05-31,Eric Nipah (PwC),Act 930 s.123(1),"BoG Notice, 31 May 2019 (microfinance)"
CASH MULTITRUST MICROFINANCE LIMITED,Microfinance,Insolvent,2019-05-31,Eric Nipah (PwC),Act 930 s.123(1),"BoG Notice, 31 May 2019 (microfinance)"
CASHPHASE MICROFINANCE COMPANY LIMITED,Microfinance,Insolvent,2019-05-31,Eric Nipah (PwC),Act 930 s.123(1),"BoG Notice, 31 May 2019 (microfinance)"
CASHPLUS MICROFINANCE LIMITED,Microfinance,Insolvent,2019-05-31,Eric Nipah (PwC),Act 930 s.123(1),"BoG Notice, 31 May 2019 (microfinance)"
CHRISTIAN COMMUNITY MICROFINANCE LIMITED,Microfinance,Insolvent,2019-05-31,Eric Nipah (PwC),Act 930 s.123(1),"BoG Notice, 31 May 2019 (microfinance)"
CITIZEN CAPITAL MICROFINANCE LIMITED,Microfinance,Insolvent,2019-05-31,Eric Nipah (PwC),Act 930 s.123(1),"BoG Notice, 31 May 2019 (microfinance)"
CITY CREDIT MICROFINANCE LIMITED,Microfinance,Insolvent,2019-05-31,Eric Nipah (PwC),Act 930 s.123(1),"BoG Notice, 31 May 2019 (microfinance)"
CONNECT CAPITAL MICROFINANCE LIMITED,Microfinance,Insolvent,2019-05-31,Eric Nipah (PwC),Act 930 s.123(1),"BoG Notice, 31 May 2019 (microfinance)"
COTTAGE MICROFINANCE LIMITED,Microfinance,Insolvent,2019-05-31,Eric Nipah (PwC),Act 930 s.123(1),"BoG Notice, 31 May 2019 (microfinance)"
CREDABILITY INVESTMENT AND MICROFINANCE LIMITED,Microfinance,Insolvent,2019-05-31,Eric Nipah (PwC),Act 930 s.123(1),"BoG Notice, 31 May 2019 (microfinance)"
CROWN CAPITAL MICROFINANCE LIMITED,Microfinance,Insolvent,2019-05-31,Eric Nipah (PwC),Act 930 s.123(1),"BoG Notice, 31 May 2019 (microfinance)"
CROWN HOUSE MICROFINANCE LIMITED,Microfinance,Insolvent,2019-05-31,Eric Nipah (PwC),Act 930 s.123(1),"BoG Notice, 31 May 2019 (microfinance)"
CYMAIN CAPITAL MICROFINANCE LIMITED,Microfinance,Insolvent,2019-05-31,Eric Nipah (PwC),Act 930 s.123(1),"BoG Notice, 31 May 2019 (microfinance)"
CYPRESS MICROFINANCE COMPANY LIMITED,Microfinance,Insolvent,2019-05-31,Eric Nipah (PwC),Act 930 s.123(1),"BoG Notice, 31 May 2019 (microfinance)"
DAHINSHELI MICROFINANCE LIMITED,Microfinance,Insolvent,2019-05-31,Eric Nipah (PwC),Act 930 s.123(1),"BoG Notice, 31 May 2019 (microfinance)"
DAILY CAPITAL MICROFINANCE LIMITED,Microfinance,Insolvent,2019-05-31,Eric Nipah (PwC),Act 930 s.123(1),"BoG Notice, 31 May 2019 (microfinance)"
DATACASH MICROFINANCE LIMITED,Microfinance,Insolvent,2019-05-31,Eric Nipah (PwC),Act 930 s.123(1),"BoG Notice, 31 May 2019 (microfinance)"
DBM MICROFINANCE LIMITED,Microfinance,Insolvent,2019-05-31,Eric Nipah (PwC),Act 930 s.123(1),"BoG Notice, 31 May 2019 (microfinance)"
DELIGHT MICROFINANCE COMPANY LIMITED,Microfinance,Insolvent,2019-05-31,Eric Nipah (PwC),Act 930 s.123(1),"BoG Notice, 31 May 2019 (microfinance)"
DES MICROFINANCE LIMITED,Microfinance,Insolvent,2019-05-31,Eric Nipah (PwC),Act 930 s.123(1),"BoG Notice, 31 May 2019 (microfinance)"
DOLPHIN MICROFINANCE SERVICES LIMITED,Microfinance,Insolvent,2019-05-31,Eric Nipah (PwC),Act 930 s.123(1),"BoG Notice, 31 May 2019 (microfinance)"
DONEWEALTH MICROFINANCE LIMITED,Microfinance,Insolvent,2019-05-31,Eric Nipah (PwC),Act 930 s.123(1),"BoG Notice, 31 May 2019 (microfinance)"
DOVE MICROFINANCE COMPANY LIMITED,Microfinance,Insolvent,2019-05-31,Eric Nipah (PwC),Act 930 s.123(1),"BoG Notice, 31 May 2019 (microfinance)"
DPF MICROFINANCE LIMITED,Microfinance,Insolvent,2019-05-31,Eric Nipah (PwC),Act 930 s.123(1),"BoG Notice, 31 May 2019 (microfinance)"
D-VANC MICROFINANCE LIMITED,Microfinance,Insolvent,2019-05-31,Eric Nipah (PwC),Act 930 s.123(1),"BoG Notice, 31 May 2019 (microfinance)"
DWETIRE MICROFINANCE LIMITED,Microfinance,Insolvent,2019-05-31,Eric Nipah (PwC),Act 930 s.123(1),"BoG Notice, 31 May 2019 (microfinance)"
EASYFAST MICROFINANCE LIMITED,Microfinance,Insolvent,2019-05-31,Eric Nipah (PwC),Act 930 s.123(1),"BoG Notice, 31 May 2019 (microfinance)"
EBENEZER MICROFINANCE COMPANY LIMITED,Microfinance,Insolvent,2019-05-31,Eric Nipah (PwC),Act 930 s.123(1),"BoG Notice, 31 May 2019 (microfinance)"
ECLIPSE MICROFINANCE LIMITED,Microfinance,Insolvent,2019-05-31,Eric Nipah (PwC),Act 930 s.123(1),"BoG Notice, 31 May 2019 (microfinance)"
EMEFS MICROFINANCE LIMITED,Microfinance,Insolvent,2019-05-31,Eric Nipah (PwC),Act 930 s.123(1),"BoG Notice, 31 May 2019 (microfinance)"
EMERALF MICROFINANCE LIMITED,Microfinance,Insolvent,2019-05-31,Eric Nipah (PwC),Act 930 s.123(1),"BoG Notice, 31 May 2019 (microfinance)"
EMERGE MICROFINANCE LIMITED,Microfinance,Insolvent,2019-05-31,Eric Nipah (PwC),Act 930 s.123(1),"BoG Notice, 31 May 2019 (microfinance)"
EMETON MICROFINANCE SERVICES LIMITED,Microfinance,Insolvent,2019-05-31,Eric Nipah (PwC),Act 930 s.123(1),"BoG Notice, 31 May 2019 (microfinance)"
EMPIRE CREDIT MICROFINANCE LIMITED,Microfinance,Insolvent,2019-05-31,Eric Nipah (PwC),Act 930 s.123(1),"BoG Notice, 31 May 2019 (microfinance)"
EMWL MICROFINANCE COMPANY LIMITED,Microfinance,Insolvent,2019-05-31,Eric Nipah (PwC),Act 930 s.123(1),"BoG Notice, 31 May 2019 (microfinance)"
ET MICROFINANCE LIMITED,Microfinance,Insolvent,2019-05-31,Eric Nipah (PwC),Act 930 s.123(1),"BoG Notice, 31 May 2019 (microfinance)"
EVERGREEN MICROFINANCE LIMITED,Microfinance,Insolvent,2019-05-31,Eric Nipah (PwC),Act 930 s.123(1),"BoG Notice, 31 May 2019 (microfinance)"
EXPRESSWAY MICROFINANCE LIMITED,Microfinance,Insolvent,2019-05-31,Eric Nipah (PwC),Act 930 s.123(1),"BoG Notice, 31 May 2019 (microfinance)"
FAST TRACK CAPITAL MICROFINANCE LIMITED,Microfinance,Insolvent,2019-05-31,Eric Nipah (PwC),Act 930 s.123(1),"BoG Notice, 31 May 2019 (microfinance)"
FINANCIAL REPUBLIC MICROFINANCE COMPANY LIMITED,Microfinance,Insolvent,2019-05-31,Eric Nipah (PwC),Act 930 s.123(1),"BoG Notice, 31 May 2019 (microfinance)"
FINO MICROFINANCE LIMITED,Microfinance,Insolvent,2019-05-31,Eric Nipah (PwC),Act 930 s.123(1),"BoG Notice, 31 May 2019 (microfinance)"
FIRST CALL MICROFINANCE COMPANY LIMITED,Microfinance,Insolvent,2019-05-31,Eric Nipah (PwC),Act 930 s.123(1),"BoG Notice, 31 May 2019 (microfinance)"
FIRST LIBERTY MICROFINANCE LIMITED,Microfinance,Insolvent,2019-05-31,Eric Nipah (PwC),Act 930 s.123(1),"BoG Notice, 31 May 2019 (microfinance)"
FOUNTAINGATE MICROFINANCE LIMITED,Microfinance,Insolvent,2019-05-31,Eric Nipah (PwC),Act 930 s.123(1),"BoG Notice, 31 May 2019 (microfinance)"
FRONTIER CAPITAL MICROFINANCE LIMITED,Microfinance,Insolvent,2019-05-31,Eric Nipah (PwC),Act 930 s.123(1),"BoG Notice, 31 May 2019 (microfinance)"
FRONTLINE MICROFINANCE LIMITED,Microfinance,Insolvent,2019-05-31,Eric Nipah (PwC),Act 930 s.123(1),"BoG Notice, 31 May 2019 (microfinance)"
FTS CAPITAL MICROFINANCE LIMITED,Microfinance,Insolvent,2019-05-31,Eric Nipah (PwC),Act 930 s.123(1),"BoG Notice, 31 May 2019 (microfinance)"
FUTURE LEADERS MICROFINANCE LIMITED,Microfinance,Insolvent,2019-05-31,Eric Nipah (PwC),Act 930 s.123(1),"BoG Notice, 31 May 2019 (microfinance)"
GAB MICROFINANCE LIMITED,Microfinance,Insolvent,2019-05-31,Eric Nipah (PwC),Act 930 s.123(1),"BoG Notice, 31 May 2019 (microfinance)"
GAD MICROFINANCE LIMITED,Microfinance,Insolvent,2019-05-31,Eric Nipah (PwC),Act 930 s.123(1),"BoG Notice, 31 May 2019 (microfinance)"
GALAXY MICROFINANCE LIMITED,Microfinance,Insolvent,2019-05-31,Eric Nipah (PwC),Act 930 s.123(1),"BoG Notice, 31 May 2019 (microfinance)"
GEO MULTI MICROFINANCE LIMITED,Microfinance,Insolvent,2019-05-31,Eric Nipah (PwC),Act 930 s.123(1),"BoG Notice, 31 May 2019 (microfinance)"
GG CREDIT MICROFINANCE COMPANY LIMITED,Microfinance,Insolvent,2019-05-31,Eric Nipah (PwC),Act 930 s.123(1),"BoG Notice, 31 May 2019 (microfinance)"
GHABSY MICROFINANCE LIMITED,Microfinance,Insolvent,2019-05-31,Eric Nipah (PwC),Act 930 s.123(1),"BoG Notice, 31 May 2019 (microfinance)"
GIANT STEPS MICROFINANCE SERVICES LIMITED,Microfinance,Insolvent,2019-05-31,Eric Nipah (PwC),Act 930 s.123(1),"BoG Notice, 31 May 2019 (microfinance)"
GLOBAL FEED MICROFINANCE LIMITED,Microfinance,Insolvent,2019-05-31,Eric Nipah (PwC),Act 930 s.123(1),"BoG Notice, 31 May 2019 (microfinance)"
GLOBAL TRUST MICROFINANCE SERVICES LIMITED,Microfinance,Insolvent,2019-05-31,Eric Nipah (PwC),Act 930 s.123(1),"BoG Notice, 31 May 2019 (microfinance)"
GOD IS PERFECT MICROFINANCE LIMITED,Microfinance,Insolvent,2019-05-31,Eric Nipah (PwC),Act 930 s.123(1),"BoG Notice, 31 May 2019 (microfinance)"
GOLDMAN CAPITAL MICROFINANCE CO. LIMITED,Microfinance,Insolvent,2019-05-31,Eric Nipah (PwC),Act 930 s.123(1),"BoG Notice, 31 May 2019 (microfinance)"
GREAT NATION MICROFINANCE LIMITED,Microfinance,Insolvent,2019-05-31,Eric Nipah (PwC),Act 930 s.123(1),"BoG Notice, 31 May 2019 (microfinance)"
GREENFIELD MICROFINANCE SERVICES LIMITED,Microfinance,Insolvent,2019-05-31,Eric Nipah (PwC),Act 930 s.123(1),"BoG Notice, 31 May 2019 (microfinance)"
HEGIS MICROFINANCE LIMITED,Microfinance,Insolvent,2019-05-31,Eric Nipah (PwC),Act 930 s.123(1),"BoG Notice, 31 May 2019 (microfinance)"
HERITAGE MICROFINANCE LIMITED,Microfinance,Insolvent,2019-05-31,Eric Nipah (PwC),Act 930 s.123(1),"BoG Notice, 31 May 2019 (microfinance)"
HODIDI MICROFINANCE COMPANY LIMITED,Microfinance,Insolvent,2019-05-31,Eric Nipah (PwC),Act 930 s.123(1),"BoG Notice, 31 May 2019 (microfinance)"
HOME SUPPORT AND ALLIED MICROFINANCE LIMITED,Microfinance,Insolvent,2019-05-31,Eric Nipah (PwC),Act 930 s.123(1),"BoG Notice, 31 May 2019 (microfinance)"
IDOS MICROFINANCE LIMITED,Microfinance,Insolvent,2019-05-31,Eric Nipah (PwC),Act 930 s.123(1),"BoG Notice, 31 May 2019 (microfinance)"
INTEGRITY CAPITAL MICROFINANCE LIMITED,Microfinance,Insolvent,2019-05-31,Eric Nipah (PwC),Act 930 s.123(1),"BoG Notice, 31 May 2019 (microfinance)"
JCF CONSUMER MICROFINANCE LIMITED,Microfinance,Insolvent,2019-05-31,Eric Nipah (PwC),Act 930 s.123(1),"BoG Notice, 31 May 2019 (microfinance)"
JDC MICROFINANCE COMPANY LIMITED,Microfinance,Insolvent,2019-05-31,Eric Nipah (PwC),Act 930 s.123(1),"BoG Notice, 31 May 2019 (microfinance)"
JEFAM MICROFINANCE COMPANY LIMITED,Microfinance,Insolvent,2019-05-31,Eric Nipah (PwC),Act 930 s.123(1),"BoG Notice, 31 May 2019 (microfinance)"
JIDAI MICROFINANCE LIMITED,Microfinance,Insolvent,2019-05-31,Eric Nipah (PwC),Act 930 s.123(1),"BoG Notice, 31 May 2019 (microfinance)"
JW MICROFINANCE LIMITED,Microfinance,Insolvent,2019-05-31,Eric Nipah (PwC),Act 930 s.123(1),"BoG Notice, 31 May 2019 (microfinance)"
KINGDAVE MICROFINANCE LIMITED,Microfinance,Insolvent,2019-05-31,Eric Nipah (PwC),Act 930 s.123(1),"BoG Notice, 31 May 2019 (microfinance)"
KINGSBRIDGE MICROFINANCE LIMITED,Microfinance,Insolvent,2019-05-31,Eric Nipah (PwC),Act 930 s.123(1),"BoG Notice, 31 May 2019 (microfinance)"
KKA EMPIRE MICROFINANCE LIMITED,Microfinance,Insolvent,2019-05-31,Eric Nipah (PwC),Act 930 s.123(1),"BoG Notice, 31 May 2019 (microfinance)"
KWAHU MICROFINANCE COMPANY LIMITED,Microfinance,Insolvent,2019-05-31,Eric Nipah (PwC),Act 930 s.123(1),"BoG Notice, 31 May 2019 (microfinance)"
LAKE VIEW MICROFINANCE LIMITED,Microfinance,Insolvent,2019-05-31,Eric Nipah (PwC),Act 930 s.123(1),"BoG Notice, 31 May 2019 (microfinance)"
LEGEND MICROFINANCE CO. LIMITED,Microfinance,Insolvent,2019-05-31,Eric Nipah (PwC),Act 930 s.123(1),"BoG Notice, 31 May 2019 (microfinance)"
LIBERTY DMI MICROFINANCE LIMITED,Microfinance,Insolvent,2019-05-31,Eric Nipah (PwC),Act 930 s.123(1),"BoG Notice, 31 May 2019 (microfinance)"
LIBERTY TRUST MICROFINANCE LIMITED,Microfinance,Insolvent,2019-05-31,Eric Nipah (PwC),Act 930 s.123(1),"BoG Notice, 31 May 2019 (microfinance)"
LJ CASHPLUS MICROFINANCE LIMITED,Microfinance,Insolvent,2019-05-31,Eric Nipah (PwC),Act 930 s.123(1),"BoG Notice, 31 May 2019 (microfinance)"
LLOYDS CAPITAL MICROFINANCE LIMITED,Microfinance,Insolvent,2019-05-31,Eric Nipah (PwC),Act 930 s.123(1),"BoG Notice, 31 May 2019 (microfinance)"
MACE MICROFINANCE LIMITED,Microfinance,Insolvent,2019-05-31,Eric Nipah (PwC),Act 930 s.123(1),"BoG Notice, 31 May 2019 (microfinance)"
MASADAR MICROFINANCE LIMITED,Microfinance,Insolvent,2019-05-31,Eric Nipah (PwC),Act 930 s.123(1),"BoG Notice, 31 May 2019 (microfinance)"
MELBOND MICROFINANCE LIMITED,Microfinance,Insolvent,2019-05-31,Eric Nipah (PwC),Act 930 s.123(1),"BoG Notice, 31 May 2019 (microfinance)"
MERIDIAN MICROFINANCE LIMITED,Microfinance,Insolvent,2019-05-31,Eric Nipah (PwC),Act 930 s.123(1),"BoG Notice, 31 May 2019 (microfinance)"
MICAID MICROFINANCE COMPANY LIMITED,Microfinance,Insolvent,2019-05-31,Eric Nipah (PwC),Act 930 s.123(1),"BoG Notice, 31 May 2019 (microfinance)"
MOP MICROFINANCE LIMITED,Microfinance,Insolvent,2019-05-31,Eric Nipah (PwC),Act 930 s.123(1),"BoG Notice, 31 May 2019 (microfinance)"
MULTI MONEY MICROFINANCE COMPANY LIMITED,Microfinance,Insolvent,2019-05-31,Eric Nipah (PwC),Act 930 s.123(1),"BoG Notice, 31 May 2019 (microfinance)"
MULTIBILITY MICROFINANCE LIMITED,Microfinance,Insolvent,2019-05-31,Eric Nipah (PwC),Act 930 s.123(1),"BoG Notice, 31 May 2019 (microfinance)"
NAS MICROFINANCE COMPANY LIMITED,Microfinance,Insolvent,2019-05-31,Eric Nipah (PwC),Act 930 s.123(1),"BoG Notice, 31 May 2019 (microfinance)"
NATIONWIDE MICROFINANCE LIMITED,Microfinance,Insolvent,2019-05-31,Eric Nipah (PwC),Act 930 s.123(1),"BoG Notice, 31 May 2019 (microfinance)"
NEW BUSINESS MICROFINANCE LIMITED,Microfinance,Insolvent,2019-05-31,Eric Nipah (PwC),Act 930 s.123(1),"BoG Notice, 31 May 2019 (microfinance)"
NEW IMAGE MICROFINANCE LIMITED,Microfinance,Insolvent,2019-05-31,Eric Nipah (PwC),Act 930 s.123(1),"BoG Notice, 31 May 2019 (microfinance)"
NEW WAYS MICROFINANCE LIMITED,Microfinance,Insolvent,2019-05-31,Eric Nipah (PwC),Act 930 s.123(1),"BoG Notice, 31 May 2019 (microfinance)"
NKOSUO MICROFINANCE LIMITED,Microfinance,Insolvent,2019-05-31,Eric Nipah (PwC),Act 930 s.123(1),"BoG Notice, 31 May 2019 (microfinance)"
NO. 1 MICROFINANCE COMPANY LIMITED,Microfinance,Insolvent,2019-05-31,Eric Nipah (PwC),Act 930 s.123(1),"BoG Notice, 31 May 2019 (microfinance)"
OFS MICROFINANCE COMPANY LIMITED,Microfinance,Insolvent,2019-05-31,Eric Nipah (PwC),Act 930 s.123(1),"BoG Notice, 31 May 2019 (microfinance)"
OPTIMAL MICROFINANCE LIMITED,Microfinance,Insolvent,2019-05-31,Eric Nipah (PwC),Act 930 s.123(1),"BoG Notice, 31 May 2019 (microfinance)"
OSOMUFO MICROFINANCE LIMITED,Microfinance,Insolvent,2019-05-31,Eric Nipah (PwC),Act 930 s.123(1),"BoG Notice, 31 May 2019 (microfinance)"
OVAL MICROFINANCE LIMITED,Microfinance,Insolvent,2019-05-31,Eric Nipah (PwC),Act 930 s.123(1),"BoG Notice, 31 May 2019 (microfinance)"
PARAGON MICROFINANCE COMPANY LIMITED,Microfinance,Insolvent,2019-05-31,Eric Nipah (PwC),Act 930 s.123(1),"BoG Notice, 31 May 2019 (microfinance)"
PATHWAY MICROFINANCE LIMITED,Microfinance,Insolvent,2019-05-31,Eric Nipah (PwC),Act 930 s.123(1),"BoG Notice, 31 May 2019 (microfinance)"
PEARLHOUSE GHANA MICROFINANCE LIMITED,Microfinance,Insolvent,2019-05-31,Eric Nipah (PwC),Act 930 s.123(1),"BoG Notice, 31 May 2019 (microfinance)"
PEESAM MICROFINANCE LIMITED,Microfinance,Insolvent,2019-05-31,Eric Nipah (PwC),Act 930 s.123(1),"BoG Notice, 31 May 2019 (microfinance)"
PEREBRIM MICROFINANCE COMPANY LIMITED,Microfinance,Insolvent,2019-05-31,Eric Nipah (PwC),Act 930 s.123(1),"BoG Notice, 31 May 2019 (microfinance)"
PLANET MICROFINANCE LIMITED,Microfinance,Insolvent,2019-05-31,Eric Nipah (PwC),Act 930 s.123(1),"BoG Notice, 31 May 2019 (microfinance)"
PLANTERS CAPITAL MICROFINANCE COMPANY LIMITED,Microfinance,Insolvent,2019-05-31,Eric Nipah (PwC),Act 930 s.123(1),"BoG Notice, 31 May 2019 (microfinance)"
PRIME GUARANTY FSL MICROFINANCE LIMITED,Microfinance,Insolvent,2019-05-31,Eric Nipah (PwC),Act 930 s.123(1),"BoG Notice, 31 May 2019 (microfinance)"
PRIMECREDIT MICROFINANCE LIMITED,Microfinance,Insolvent,2019-05-31,Eric Nipah (PwC),Act 930 s.123(1),"BoG Notice, 31 May 2019 (microfinance)"
PRIMUS MICROFINANCE LIMITED,Microfinance,Insolvent,2019-05-31,Eric Nipah (PwC),Act 930 s.123(1),"BoG Notice, 31 May 2019 (microfinance)"
PROF MICROFINANCE LIMITED,Microfinance,Insolvent,2019-05-31,Eric Nipah (PwC),Act 930 s.123(1),"BoG Notice, 31 May 2019 (microfinance)"
PROGRESSIVE MICROFINANCE COMPANY LIMITED,Microfinance,Insolvent,2019-05-31,Eric Nipah (PwC),Act 930 s.123(1),"BoG Notice, 31 May 2019 (microfinance)"
PRONTO MICROFINANCE LIMITED,Microfinance,Insolvent,2019-05-31,Eric Nipah (PwC),Act 930 s.123(1),"BoG Notice, 31 May 2019 (microfinance)"
PROSEED MICROFINANCE COMPANY LIMITED,Microfinance,Insolvent,2019-05-31,Eric Nipah (PwC),Act 930 s.123(1),"BoG Notice, 31 May 2019 (microfinance)"
PURPOSE MICROFINANCE LIMITED,Microfinance,Insolvent,2019-05-31,Eric Nipah (PwC),Act 930 s.123(1),"BoG Notice, 31 May 2019 (microfinance)"
Q-STAR INVESTMENTS & MICROFINANCE LIMITED,Microfinance,Insolvent,2019-05-31,Eric Nipah (PwC),Act 930 s.123(1),"BoG Notice, 31 May 2019 (microfinance)"
R&J GATEWAY MICROFINANCE SERVICES LIMITED,Microfinance,Insolvent,2019-05-31,Eric Nipah (PwC),Act 930 s.123(1),"BoG Notice, 31 May 2019 (microfinance)"
RANCARE MICROFINANCE LIMITED,Microfinance,Insolvent,2019-05-31,Eric Nipah (PwC),Act 930 s.123(1),"BoG Notice, 31 May 2019 (microfinance)"
REDEEMER MICROFINANCE LIMITED,Microfinance,Insolvent,2019-05-31,Eric Nipah (PwC),Act 930 s.123(1),"BoG Notice, 31 May 2019 (microfinance)"
RENAIZANCE CAPITAL SOLUTIONS MICROFINANCE,Microfinance,Insolvent,2019-05-31,Eric Nipah (PwC),Act 930 s.123(1),"BoG Notice, 31 May 2019 (microfinance)"
REOB FEKAMS MICROFINANCE COMPANY LIMITED,Microfinance,Insolvent,2019-05-31,Eric Nipah (PwC),Act 930 s.123(1),"BoG Notice, 31 May 2019 (microfinance)"
RIGHTWAY MICROFINANCE LIMITED,Microfinance,Insolvent,2019-05-31,Eric Nipah (PwC),Act 930 s.123(1),"BoG Notice, 31 May 2019 (microfinance)"
RIVERS CAPITAL MICROFINANCE LIMITED,Microfinance,Insolvent,2019-05-31,Eric Nipah (PwC),Act 930 s.123(1),"BoG Notice, 31 May 2019 (microfinance)"
ROPA MICROFINANCE LIMITED,Microfinance,Insolvent,2019-05-31,Eric Nipah (PwC),Act 930 s.123(1),"BoG Notice, 31 May 2019 (microfinance)"
ROSS CAPITAL MICROFINANCE LIMITED,Microfinance,Insolvent,2019-05-31,Eric Nipah (PwC),Act 930 s.123(1),"BoG Notice, 31 May 2019 (microfinance)"
ROYAL STEPS MICROFINANCE LIMITED,Microfinance,Insolvent,2019-05-31,Eric Nipah (PwC),Act 930 s.123(1),"BoG Notice, 31 May 2019 (microfinance)"
ROYALTY CAPITAL MICROFINANCE LIMITED,Microfinance,Insolvent,2019-05-31,Eric Nipah (PwC),Act 930 s.123(1),"BoG Notice, 31 May 2019 (microfinance)"
SAFENET MICROFINANCE LIMITED,Microfinance,Insolvent,2019-05-31,Eric Nipah (PwC),Act 930 s.123(1),"BoG Notice, 31 May 2019 (microfinance)"
SAMAG MICROFINANCE LIMITED,Microfinance,Insolvent,2019-05-31,Eric Nipah (PwC),Act 930 s.123(1),"BoG Notice, 31 May 2019 (microfinance)"
SAVANNAH MICROFINANCE LIMITED,Microfinance,Insolvent,2019-05-31,Eric Nipah (PwC),Act 930 s.123(1),"BoG Notice, 31 May 2019 (microfinance)"
SAVPLUS MICROFINANCE SERVICES LIMITED,Microfinance,Insolvent,2019-05-31,Eric Nipah (PwC),Act 930 s.123(1),"BoG Notice, 31 May 2019 (microfinance)"
SILVER TRUST MICROFINANCE COMPANY LIMITED,Microfinance,Insolvent,2019-05-31,Eric Nipah (PwC),Act 930 s.123(1),"BoG Notice, 31 May 2019 (microfinance)"
SOLID ROCK MICROFINANCE LIMITED,Microfinance,Insolvent,2019-05-31,Eric Nipah (PwC),Act 930 s.123(1),"BoG Notice, 31 May 2019 (microfinance)"
SOLUTIONS MICROFINANCE LIMITED,Microfinance,Insolvent,2019-05-31,Eric Nipah (PwC),Act 930 s.123(1),"BoG Notice, 31 May 2019 (microfinance)"
SOURCES UNLIMITED MICROFINANCE LIMITED,Microfinance,Insolvent,2019-05-31,Eric Nipah (PwC),Act 930 s.123(1),"BoG Notice, 31 May 2019 (microfinance)"
SOVEREIGN MICROFINANCE LIMITED,Microfinance,Insolvent,2019-05-31,Eric Nipah (PwC),Act 930 s.123(1),"BoG Notice, 31 May 2019 (microfinance)"
STANDARD TRUST MICROFINANCE LIMITED,Microfinance,Insolvent,2019-05-31,Eric Nipah (PwC),Act 930 s.123(1),"BoG Notice, 31 May 2019 (microfinance)"
STAR ALLIANCE MICROFINANCE LIMITED,Microfinance,Insolvent,2019-05-31,Eric Nipah (PwC),Act 930 s.123(1),"BoG Notice, 31 May 2019 (microfinance)"
STARLING MICROFINANCE SERVICES LIMITED,Microfinance,Insolvent,2019-05-31,Eric Nipah (PwC),Act 930 s.123(1),"BoG Notice, 31 May 2019 (microfinance)"
STARTWELL MICROFINANCE COMPANY LIMITED,Microfinance,Insolvent,2019-05-31,Eric Nipah (PwC),Act 930 s.123(1),"BoG Notice, 31 May 2019 (microfinance)"
SUPREME TRUST MICROFINANCE LIMITED,Microfinance,Insolvent,2019-05-31,Eric Nipah (PwC),Act 930 s.123(1),"BoG Notice, 31 May 2019 (microfinance)"
THE ORANGE CAPITAL MICROFINANCE,Microfinance,Insolvent,2019-05-31,Eric Nipah (PwC),Act 930 s.123(1),"BoG Notice, 31 May 2019 (microfinance)"
THE RASHARDS MICROFINANCE LIMITED,Microfinance,Insolvent,2019-05-31,Eric Nipah (PwC),Act 930 s.123(1),"BoG Notice, 31 May 2019 (microfinance)"
THE TRUSTLINE MICROFINANCE COMPANY LIMITED,Microfinance,Insolvent,2019-05-31,Eric Nipah (PwC),Act 930 s.123(1),"BoG Notice, 31 May 2019 (microfinance)"
TI MICROFINANCE LIMITED,Microfinance,Insolvent,2019-05-31,Eric Nipah (PwC),Act 930 s.123(1),"BoG Notice, 31 May 2019 (microfinance)"
TOTAL DISCOUNT MICROFINANCE LIMITED,Microfinance,Insolvent,2019-05-31,Eric Nipah (PwC),Act 930 s.123(1),"BoG Notice, 31 May 2019 (microfinance)"
TRUE LIFE CAPITAL MICROFINANCE LIMITED,Microfinance,Insolvent,2019-05-31,Eric Nipah (PwC),Act 930 s.123(1),"BoG Notice, 31 May 2019 (microfinance)"
TRUST LINK MICROFINANCE LIMITED,Microfinance,Insolvent,2019-05-31,Eric Nipah (PwC),Act 930 s.123(1),"BoG Notice, 31 May 2019 (microfinance)"
TRUST MICROFINANCE COMPANY LIMITED,Microfinance,Insolvent,2019-05-31,Eric Nipah (PwC),Act 930 s.123(1),"BoG Notice, 31 May 2019 (microfinance)"
TURNSTAR MICROFINANCE LIMITED,Microfinance,Insolvent,2019-05-31,Eric Nipah (PwC),Act 930 s.123(1),"BoG Notice, 31 May 2019 (microfinance)"
UNIK LIFE MICROFINANCE LIMITED,Microfinance,Insolvent,2019-05-31,Eric Nipah (PwC),Act 930 s.123(1),"BoG Notice, 31 May 2019 (microfinance)"
UNIQUE MICROFINANCE LIMITED,Microfinance,Insolvent,2019-05-31,Eric Nipah (PwC),Act 930 s.123(1),"BoG Notice, 31 May 2019 (microfinance)"
UNIQUE-MAS MICROFINANCE COMPANY LIMITED,Microfinance,Insolvent,2019-05-31,Eric Nipah (PwC),Act 930 s.123(1),"BoG Notice, 31 May 2019 (microfinance)"
VISION CREDIT MICROFINANCE LIMITED,Microfinance,Insolvent,2019-05-31,Eric Nipah (PwC),Act 930 s.123(1),"BoG Notice, 31 May 2019 (microfinance)"
VOA MICROFINANCE LIMITED,Microfinance,Insolvent,2019-05-31,Eric Nipah (PwC),Act 930 s.123(1),"BoG Notice, 31 May 2019 (microfinance)"
WE ENABLE MICROFINANCE LIMITED,Microfinance,Insolvent,2019-05-31,Eric Nipah (PwC),Act 930 s.123(1),"BoG Notice, 31 May 2019 (microfinance)"
WINTRUST MICROFINANCE LIMITED,Microfinance,Insolvent,2019-05-31,Eric Nipah (PwC),Act 930 s.123(1),"BoG Notice, 31 May 2019 (microfinance)"
WONDALAND MICROFINANCE LIMITED,Microfinance,Insolvent,2019-05-31,Eric Nipah (PwC),Act 930 s.123(1),"BoG Notice, 31 May 2019 (microfinance)"
YAN MICROFINANCE COMPANY LIMITED,Microfinance,Insolvent,2019-05-31,Eric Nipah (PwC),Act 930 s.123(1),"BoG Notice, 31 May 2019 (microfinance)"
YEKEN MICROFINANCE LIMITED,Microfinance,Insolvent,2019-05-31,Eric Nipah (PwC),Act 930 s.123(1),"BoG Notice, 31 May 2019 (microfinance)"
YOLI MICROFINANCE COMPANY LIMITED,Microfinance,Insolvent,2019-05-31,Eric Nipah (PwC),Act 930 s.123(1),"BoG Notice, 31 May 2019 (microfinance)"
72 HOURS MICROFINANCE COMPANY LIMITED,Microfinance,Insolvent and ceased operations,2019-05-31,Eric Nipah (PwC),Act 930 s.123(1),"BoG Notice, 31 May 2019 (microfinance)"
ABIS PLUS MICROFINANCE LIMITED,Microfinance,Insolvent and ceased operations,2019-05-31,Eric Nipah (PwC),Act 930 s.123(1),"BoG Notice, 31 May 2019 (microfinance)"
ACIT CAPITAL MICROFINANCE LIMITED,Microfinance,Insolvent and ceased operations,2019-05-31,Eric Nipah (PwC),Act 930 s.123(1),"BoG Notice, 31 May 2019 (microfinance)"
ADWENPA MICROFINANCE LIMITED,Microfinance,Insolvent and ceased operations,2019-05-31,Eric Nipah (PwC),Act 930 s.123(1),"BoG Notice, 31 May 2019 (microfinance)"
ADWUMADEN MICROFINANCE LIMITED,Microfinance,Insolvent and ceased operations,2019-05-31,Eric Nipah (PwC),Act 930 s.123(1),"BoG Notice, 31 May 2019 (microfinance)"
AFRICAN TRUST MICROFINANCE LIMITED,Microfinance,Insolvent and ceased operations,2019-05-31,Eric Nipah (PwC),Act 930 s.123(1),"BoG Notice, 31 May 2019 (microfinance)"
AG MICROFINANCE LIMITED,Microfinance,Insolvent and ceased operations,2019-05-31,Eric Nipah (PwC),Act 930 s.123(1),"BoG Notice, 31 May 2019 (microfinance)"
AGT MICROFINANCE COMPANY LIMITED,Microfinance,Insolvent and ceased operations,2019-05-31,Eric Nipah (PwC),Act 930 s.123(1),"BoG Notice, 31 May 2019 (microfinance)"
ALLOT MICROFINANCE COMPANY LIMITED,Microfinance,Insolvent and ceased operations,2019-05-31,Eric Nipah (PwC),Act 930 s.123(1),"BoG Notice, 31 May 2019 (microfinance)"
ARHINPA MICROFINANCE LIMITED,Microfinance,Insolvent and ceased operations,2019-05-31,Eric Nipah (PwC),Act 930 s.123(1),"BoG Notice, 31 May 2019 (microfinance)"
ATTENTION MICROFINANCE LIMITED,Microfinance,Insolvent and ceased operations,2019-05-31,Eric Nipah (PwC),Act 930 s.123(1),"BoG Notice, 31 May 2019 (microfinance)"
AV GLOBAL MICROFINANCE LIMITED,Microfinance,Insolvent and ceased operations,2019-05-31,Eric Nipah (PwC),Act 930 s.123(1),"BoG Notice, 31 May 2019 (microfinance)"
BEACONCITY MICROFINANCE COMPANY LIMITED,Microfinance,Insolvent and ceased operations,2019-05-31,Eric Nipah (PwC),Act 930 s.123(1),"BoG Notice, 31 May 2019 (microfinance)"
BEDEL MICROFINANCE LIMITED,Microfinance,Insolvent and ceased operations,2019-05-31,Eric Nipah (PwC),Act 930 s.123(1),"BoG Notice, 31 May 2019 (microfinance)"
BENGAY MICROFINANCE COMPANY LIMITED,Microfinance,Insolvent and ceased operations,2019-05-31,Eric Nipah (PwC),Act 930 s.123(1),"BoG Notice, 31 May 2019 (microfinance)"
BETTER LIFE MICROFINANCE COMPANY LIMITED,Microfinance,Insolvent and ceased operations,2019-05-31,Eric Nipah (PwC),Act 930 s.123(1),"BoG Notice, 31 May 2019 (microfinance)"
BIG DREAMS MICROFINANCE LIMITED,Microfinance,Insolvent and ceased operations,2019-05-31,Eric Nipah (PwC),Act 930 s.123(1),"BoG Notice, 31 May 2019 (microfinance)"
BIK MICROFINANCE COMPANY LIMITED,Microfinance,Insolvent and ceased operations,2019-05-31,Eric Nipah (PwC),Act 930 s.123(1),"BoG Notice, 31 May 2019 (microfinance)"
BOATEM MICROFINANCE LIMITED,Microfinance,Insolvent and ceased operations,2019-05-31,Eric Nipah (PwC),Act 930 s.123(1),"BoG Notice, 31 May 2019 (microfinance)"
BOAVOLE MICROFINANCE LIMITED,Microfinance,Insolvent and ceased operations,2019-05-31,Eric Nipah (PwC),Act 930 s.123(1),"BoG Notice, 31 May 2019 (microfinance)"
BRISK CREDIT MICROFINANCE LIMITED,Microfinance,Insolvent and ceased operations,2019-05-31,Eric Nipah (PwC),Act 930 s.123(1),"BoG Notice, 31 May 2019 (microfinance)"
C.I.G. MICROFINANCE LIMITED,Microfinance,Insolvent and ceased operations,2019-05-31,Eric Nipah (PwC),Act 930 s.123(1),"BoG Notice, 31 May 2019 (microfinance)"
CAPITAL HOUSE MICROFINANCE LIMITED,Microfinance,Insolvent and ceased operations,2019-05-31,Eric Nipah (PwC),Act 930 s.123(1),"BoG Notice, 31 May 2019 (microfinance)"
CAPITAL LINE MICROFINANCE LIMITED,Microfinance,Insolvent and ceased operations,2019-05-31,Eric Nipah (PwC),Act 930 s.123(1),"BoG Notice, 31 May 2019 (microfinance)"
CAPTAINS MICROFINANCE COMPANY LIMITED,Microfinance,Insolvent and ceased operations,2019-05-31,Eric Nipah (PwC),Act 930 s.123(1),"BoG Notice, 31 May 2019 (microfinance)"
CASABLANCA MICROFINANCE LIMITED,Microfinance,Insolvent and ceased operations,2019-05-31,Eric Nipah (PwC),Act 930 s.123(1),"BoG Notice, 31 May 2019 (microfinance)"
CASHBRIDGE MICROFINANCE LIMITED,Microfinance,Insolvent and ceased operations,2019-05-31,Eric Nipah (PwC),Act 930 s.123(1),"BoG Notice, 31 May 2019 (microfinance)"
CC MICROFINANCE LIMITED,Microfinance,Insolvent and ceased operations,2019-05-31,Eric Nipah (PwC),Act 930 s.123(1),"BoG Notice, 31 May 2019 (microfinance)"
CITIZENS RESOURCE MICROFINANCE LIMITED,Microfinance,Insolvent and ceased operations,2019-05-31,Eric Nipah (PwC),Act 930 s.123(1),"BoG Notice, 31 May 2019 (microfinance)"
COMAID MICROFINANCE LIMITED,Microfinance,Insolvent and ceased operations,2019-05-31,Eric Nipah (PwC),Act 930 s.123(1),"BoG Notice, 31 May 2019 (microfinance)"
COMBA MICROFINANCE LIMITED,Microfinance,Insolvent and ceased operations,2019-05-31,Eric Nipah (PwC),Act 930 s.123(1),"BoG Notice, 31 May 2019 (microfinance)"
COMMON CAPITAL MICROFINANCE LIMITED,Microfinance,Insolvent and ceased operations,2019-05-31,Eric Nipah (PwC),Act 930 s.123(1),"BoG Notice, 31 May 2019 (microfinance)"
COMMUNITY MICROFINANCE LIMITED,Microfinance,Insolvent and ceased operations,2019-05-31,Eric Nipah (PwC),Act 930 s.123(1),"BoG Notice, 31 May 2019 (microfinance)"
CRUCIAL TIMES MICROFINANCE LIMITED,Microfinance,Insolvent and ceased operations,2019-05-31,Eric Nipah (PwC),Act 930 s.123(1),"BoG Notice, 31 May 2019 (microfinance)"
CYPRESS CEDAR MICROFINANCE COMPANY LIMITED,Microfinance,Insolvent and ceased operations,2019-05-31,Eric Nipah (PwC),Act 930 s.123(1),"BoG Notice, 31 May 2019 (microfinance)"
DAA NHYIRA MICROFINANCE COMPANY LIMITED,Microfinance,Insolvent and ceased operations,2019-05-31,Eric Nipah (PwC),Act 930 s.123(1),"BoG Notice, 31 May 2019 (microfinance)"
DC MICROFINANCE COMPANY LIMITED,Microfinance,Insolvent and ceased operations,2019-05-31,Eric Nipah (PwC),Act 930 s.123(1),"BoG Notice, 31 May 2019 (microfinance)"
DEMS MICROFINANCE COMPANY LIMITED,Microfinance,Insolvent and ceased operations,2019-05-31,Eric Nipah (PwC),Act 930 s.123(1),"BoG Notice, 31 May 2019 (microfinance)"
DG CAPITAL MICROFINANCE LIMITED,Microfinance,Insolvent and ceased operations,2019-05-31,Eric Nipah (PwC),Act 930 s.123(1),"BoG Notice, 31 May 2019 (microfinance)"
DIVINE FORTUNES MICROFINANCE LIMITED,Microfinance,Insolvent and ceased operations,2019-05-31,Eric Nipah (PwC),Act 930 s.123(1),"BoG Notice, 31 May 2019 (microfinance)"
DIVINE MICROFINANCE LIMITED,Microfinance,Insolvent and ceased operations,2019-05-31,Eric Nipah (PwC),Act 930 s.123(1),"BoG Notice, 31 May 2019 (microfinance)"
DWADIFO ADANFO MICROFINANCE COMPANY LIMITED,Microfinance,Insolvent and ceased operations,2019-05-31,Eric Nipah (PwC),Act 930 s.123(1),"BoG Notice, 31 May 2019 (microfinance)"
DYNASTY MICROFINANCE SERVICES LIMITED,Microfinance,Insolvent and ceased operations,2019-05-31,Eric Nipah (PwC),Act 930 s.123(1),"BoG Notice, 31 May 2019 (microfinance)"
EDEN MICROFINANCE LIMITED,Microfinance,Insolvent and ceased operations,2019-05-31,Eric Nipah (PwC),Act 930 s.123(1),"BoG Notice, 31 May 2019 (microfinance)"
EKOBA GET RICH MICROFINANCE LIMITED,Microfinance,Insolvent and ceased operations,2019-05-31,Eric Nipah (PwC),Act 930 s.123(1),"BoG Notice, 31 May 2019 (microfinance)"
ELITE MICROFINANCE LIMITED,Microfinance,Insolvent and ceased operations,2019-05-31,Eric Nipah (PwC),Act 930 s.123(1),"BoG Notice, 31 May 2019 (microfinance)"
ELLIS MICROFINANCE LIMITED,Microfinance,Insolvent and ceased operations,2019-05-31,Eric Nipah (PwC),Act 930 s.123(1),"BoG Notice, 31 May 2019 (microfinance)"
ERA MICROFINANCE SERVICES LIMITED,Microfinance,Insolvent and ceased operations,2019-05-31,Eric Nipah (PwC),Act 930 s.123(1),"BoG Notice, 31 May 2019 (microfinance)"
EXCEL UNITED MICROFINANCE LIMITED,Microfinance,Insolvent and ceased operations,2019-05-31,Eric Nipah (PwC),Act 930 s.123(1),"BoG Notice, 31 May 2019 (microfinance)"
FIRST FIDELITY MICROFINANCE LIMITED,Microfinance,Insolvent and ceased operations,2019-05-31,Eric Nipah (PwC),Act 930 s.123(1),"BoG Notice, 31 May 2019 (microfinance)"
FLEXI MICROFINANCE LIMITED,Microfinance,Insolvent and ceased operations,2019-05-31,Eric Nipah (PwC),Act 930 s.123(1),"BoG Notice, 31 May 2019 (microfinance)"
FOCUS LINK MICROFINANCE COMPANY LIMITED,Microfinance,Insolvent and ceased operations,2019-05-31,Eric Nipah (PwC),Act 930 s.123(1),"BoG Notice, 31 May 2019 (microfinance)"
FORTRESS MICROFINANCE COMPANY LIMITED,Microfinance,Insolvent and ceased operations,2019-05-31,Eric Nipah (PwC),Act 930 s.123(1),"BoG Notice, 31 May 2019 (microfinance)"
FRANKAMAN MICROFINANCE COMPANY LIMITED,Microfinance,Insolvent and ceased operations,2019-05-31,Eric Nipah (PwC),Act 930 s.123(1),"BoG Notice, 31 May 2019 (microfinance)"
GIANT GAIT MICROFINANCE LIMITED,Microfinance,Insolvent and ceased operations,2019-05-31,Eric Nipah (PwC),Act 930 s.123(1),"BoG Notice, 31 May 2019 (microfinance)"
G-LIFE MICROFINANCE LIMITED,Microfinance,Insolvent and ceased operations,2019-05-31,Eric Nipah (PwC),Act 930 s.123(1),"BoG Notice, 31 May 2019 (microfinance)"
GLOBAL ONE MICROFINANCE COMPANY LIMITED,Microfinance,Insolvent and ceased operations,2019-05-31,Eric Nipah (PwC),Act 930 s.123(1),"BoG Notice, 31 May 2019 (microfinance)"
GMET MICROFINANCE LIMITED,Microfinance,Insolvent and ceased operations,2019-05-31,Eric Nipah (PwC),Act 930 s.123(1),"BoG Notice, 31 May 2019 (microfinance)"
GODIGO MICROFINANCE LIMITED,Microfinance,Insolvent and ceased operations,2019-05-31,Eric Nipah (PwC),Act 930 s.123(1),"BoG Notice, 31 May 2019 (microfinance)"
GOLDEN TRUST MICROFINANCE COMPANY LIMITED,Microfinance,Insolvent and ceased operations,2019-05-31,Eric Nipah (PwC),Act 930 s.123(1),"BoG Notice, 31 May 2019 (microfinance)"
GOLDPOT MICROFINANCE LIMITED,Microfinance,Insolvent and ceased operations,2019-05-31,Eric Nipah (PwC),Act 930 s.123(1),"BoG Notice, 31 May 2019 (microfinance)"
GOODNEWS MICROFINANCE COMPANY LIMITED,Microfinance,Insolvent and ceased operations,2019-05-31,Eric Nipah (PwC),Act 930 s.123(1),"BoG Notice, 31 May 2019 (microfinance)"
HALAL MICROFINANCE LIMITED,Microfinance,Insolvent and ceased operations,2019-05-31,Eric Nipah (PwC),Act 930 s.123(1),"BoG Notice, 31 May 2019 (microfinance)"
HIGH PRESTIGE MICROFINANCE SERVICES LIMITED,Microfinance,Insolvent and ceased operations,2019-05-31,Eric Nipah (PwC),Act 930 s.123(1),"BoG Notice, 31 May 2019 (microfinance)"
HOG MICROFINANCE LIMITED,Microfinance,Insolvent and ceased operations,2019-05-31,Eric Nipah (PwC),Act 930 s.123(1),"BoG Notice, 31 May 2019 (microfinance)"
ICS MICROFINANCE LIMITED,Microfinance,Insolvent and ceased operations,2019-05-31,Eric Nipah (PwC),Act 930 s.123(1),"BoG Notice, 31 May 2019 (microfinance)"
IK MICROFINANCE LIMITED,Microfinance,Insolvent and ceased operations,2019-05-31,Eric Nipah (PwC),Act 930 s.123(1),"BoG Notice, 31 May 2019 (microfinance)"
INSTANT MICROFINANCE LIMITED,Microfinance,Insolvent and ceased operations,2019-05-31,Eric Nipah (PwC),Act 930 s.123(1),"BoG Notice, 31 May 2019 (microfinance)"
INVESTSURE MICROFINANCE LIMITED,Microfinance,Insolvent and ceased operations,2019-05-31,Eric Nipah (PwC),Act 930 s.123(1),"BoG Notice, 31 May 2019 (microfinance)"
JADA MICROFINANCE LIMITED,Microfinance,Insolvent and ceased operations,2019-05-31,Eric Nipah (PwC),Act 930 s.123(1),"BoG Notice, 31 May 2019 (microfinance)"
JAYS MICROFINANCE LIMITED,Microfinance,Insolvent and ceased operations,2019-05-31,Eric Nipah (PwC),Act 930 s.123(1),"BoG Notice, 31 May 2019 (microfinance)"
JOPAT MICROFINANCE COMPANY LIMITED,Microfinance,Insolvent and ceased operations,2019-05-31,Eric Nipah (PwC),Act 930 s.123(1),"BoG Notice, 31 May 2019 (microfinance)"
JORBIES MICROFINANCE LIMITED,Microfinance,Insolvent and ceased operations,2019-05-31,Eric Nipah (PwC),Act 930 s.123(1),"BoG Notice, 31 May 2019 (microfinance)"
JOYHELP MICROFINANCE LIMITED,Microfinance,Insolvent and ceased operations,2019-05-31,Eric Nipah (PwC),Act 930 s.123(1),"BoG Notice, 31 May 2019 (microfinance)"
JOYPRIN MICROFINANCE COMPANY LIMITED,Microfinance,Insolvent and ceased operations,2019-05-31,Eric Nipah (PwC),Act 930 s.123(1),"BoG Notice, 31 May 2019 (microfinance)"
K. A. D. MICROFINANCE LIMITED,Microfinance,Insolvent and ceased operations,2019-05-31,Eric Nipah (PwC),Act 930 s.123(1),"BoG Notice, 31 May 2019 (microfinance)"
KANAFIN MICROFINANCE SERVICES LIMITED,Microfinance,Insolvent and ceased operations,2019-05-31,Eric Nipah (PwC),Act 930 s.123(1),"BoG Notice, 31 May 2019 (microfinance)"
KAPITAL EXPRESS MICROFINANCE COMPANY LIMITED,Microfinance,Insolvent and ceased operations,2019-05-31,Eric Nipah (PwC),Act 930 s.123(1),"BoG Notice, 31 May 2019 (microfinance)"
KARSI MICROFINANCE LIMITED,Microfinance,Insolvent and ceased operations,2019-05-31,Eric Nipah (PwC),Act 930 s.123(1),"BoG Notice, 31 May 2019 (microfinance)"
KENLASAB MICROFINANCE LIMITED,Microfinance,Insolvent and ceased operations,2019-05-31,Eric Nipah (PwC),Act 930 s.123(1),"BoG Notice, 31 May 2019 (microfinance)"
KINGDOM TRUST MICROFINANCE LIMITED,Microfinance,Insolvent and ceased operations,2019-05-31,Eric Nipah (PwC),Act 930 s.123(1),"BoG Notice, 31 May 2019 (microfinance)"
LANDMARK MICROFINANCE LIMITED,Microfinance,Insolvent and ceased operations,2019-05-31,Eric Nipah (PwC),Act 930 s.123(1),"BoG Notice, 31 May 2019 (microfinance)"
LAST CHANCE MICROFINANCE COMPANY LIMITED,Microfinance,Insolvent and ceased operations,2019-05-31,Eric Nipah (PwC),Act 930 s.123(1),"BoG Notice, 31 May 2019 (microfinance)"
LATTER RAIN MICROFINANCE LIMITED,Microfinance,Insolvent and ceased operations,2019-05-31,Eric Nipah (PwC),Act 930 s.123(1),"BoG Notice, 31 May 2019 (microfinance)"
LEAD CAPITAL MICROFINANCE LIMITED,Microfinance,Insolvent and ceased operations,2019-05-31,Eric Nipah (PwC),Act 930 s.123(1),"BoG Notice, 31 May 2019 (microfinance)"
LEAD GLOBAL MICROFINANCE LIMITED,Microfinance,Insolvent and ceased operations,2019-05-31,Eric Nipah (PwC),Act 930 s.123(1),"BoG Notice, 31 May 2019 (microfinance)"
LEAP CREDIT MICROFINANCE LIMITED,Microfinance,Insolvent and ceased operations,2019-05-31,Eric Nipah (PwC),Act 930 s.123(1),"BoG Notice, 31 May 2019 (microfinance)"
LIGHT MICROFINANCE LIMITED,Microfinance,Insolvent and ceased operations,2019-05-31,Eric Nipah (PwC),Act 930 s.123(1),"BoG Notice, 31 May 2019 (microfinance)"
LIQUIDITY SOLUTIONS MICROFINANCE LIMITED,Microfinance,Insolvent and ceased operations,2019-05-31,Eric Nipah (PwC),Act 930 s.123(1),"BoG Notice, 31 May 2019 (microfinance)"
LIYAC MICROFINANCE COMPANY LIMITED,Microfinance,Insolvent and ceased operations,2019-05-31,Eric Nipah (PwC),Act 930 s.123(1),"BoG Notice, 31 May 2019 (microfinance)"
LOYAL SHEPHERD MICROFINANCE LIMITED,Microfinance,Insolvent and ceased operations,2019-05-31,Eric Nipah (PwC),Act 930 s.123(1),"BoG Notice, 31 May 2019 (microfinance)"
MALLON MICROFINANCE COMPANY LIMITED,Microfinance,Insolvent and ceased operations,2019-05-31,Eric Nipah (PwC),Act 930 s.123(1),"BoG Notice, 31 May 2019 (microfinance)"
MAN CAPITAL MICROFINANCE COMPANY LIMITED,Microfinance,Insolvent and ceased operations,2019-05-31,Eric Nipah (PwC),Act 930 s.123(1),"BoG Notice, 31 May 2019 (microfinance)"
MARS MICROFINANCE LIMITED,Microfinance,Insolvent and ceased operations,2019-05-31,Eric Nipah (PwC),Act 930 s.123(1),"BoG Notice, 31 May 2019 (microfinance)"
MEGAMITCH MICROFINANCE LIMITED,Microfinance,Insolvent and ceased operations,2019-05-31,Eric Nipah (PwC),Act 930 s.123(1),"BoG Notice, 31 May 2019 (microfinance)"
MICRENE MICROFINANCE LIMITED,Microfinance,Insolvent and ceased operations,2019-05-31,Eric Nipah (PwC),Act 930 s.123(1),"BoG Notice, 31 May 2019 (microfinance)"
MIGHTY MICROFINANCE LIMITED,Microfinance,Insolvent and ceased operations,2019-05-31,Eric Nipah (PwC),Act 930 s.123(1),"BoG Notice, 31 May 2019 (microfinance)"
MOKAP MICROFINANCE LIMITED,Microfinance,Insolvent and ceased operations,2019-05-31,Eric Nipah (PwC),Act 930 s.123(1),"BoG Notice, 31 May 2019 (microfinance)"
MONEYSHOP MICROFINANCE LIMITED,Microfinance,Insolvent and ceased operations,2019-05-31,Eric Nipah (PwC),Act 930 s.123(1),"BoG Notice, 31 May 2019 (microfinance)"
MOORE NAARA MICROFINANCE LIMITED,Microfinance,Insolvent and ceased operations,2019-05-31,Eric Nipah (PwC),Act 930 s.123(1),"BoG Notice, 31 May 2019 (microfinance)"
MT MICROFINANCE LIMITED,Microfinance,Insolvent and ceased operations,2019-05-31,Eric Nipah (PwC),Act 930 s.123(1),"BoG Notice, 31 May 2019 (microfinance)"
NATIVITY MICROFINANCE SERVICES LIMITED,Microfinance,Insolvent and ceased operations,2019-05-31,Eric Nipah (PwC),Act 930 s.123(1),"BoG Notice, 31 May 2019 (microfinance)"
NIVA MICROFINANCE LIMITED,Microfinance,Insolvent and ceased operations,2019-05-31,Eric Nipah (PwC),Act 930 s.123(1),"BoG Notice, 31 May 2019 (microfinance)"
NOBLE DREAM MICROFINANCE LIMITED,Microfinance,Insolvent and ceased operations,2019-05-31,Eric Nipah (PwC),Act 930 s.123(1),"BoG Notice, 31 May 2019 (microfinance)"
OBAATANPA MICROFINANCE COMPANY LIMITED,Microfinance,Insolvent and ceased operations,2019-05-31,Eric Nipah (PwC),Act 930 s.123(1),"BoG Notice, 31 May 2019 (microfinance)"
OBUOBA MICROFINANCE COMPANY LIMITED,Microfinance,Insolvent and ceased operations,2019-05-31,Eric Nipah (PwC),Act 930 s.123(1),"BoG Notice, 31 May 2019 (microfinance)"
OYE MICROFINANCE LIMITED,Microfinance,Insolvent and ceased operations,2019-05-31,Eric Nipah (PwC),Act 930 s.123(1),"BoG Notice, 31 May 2019 (microfinance)"
PANAM MICROFINANCE COMPANY LIMITED,Microfinance,Insolvent and ceased operations,2019-05-31,Eric Nipah (PwC),Act 930 s.123(1),"BoG Notice, 31 May 2019 (microfinance)"
PIMCEL MICROFINANCE COMPANY LIMITED,Microfinance,Insolvent and ceased operations,2019-05-31,Eric Nipah (PwC),Act 930 s.123(1),"BoG Notice, 31 May 2019 (microfinance)"
PINNACLE MICROFINANCE LIMITED,Microfinance,Insolvent and ceased operations,2019-05-31,Eric Nipah (PwC),Act 930 s.123(1),"BoG Notice, 31 May 2019 (microfinance)"
PLATINUM CAPITAL MICROFINANCE LIMITED,Microfinance,Insolvent and ceased operations,2019-05-31,Eric Nipah (PwC),Act 930 s.123(1),"BoG Notice, 31 May 2019 (microfinance)"
PREMIER MICROFINANCE LIMITED,Microfinance,Insolvent and ceased operations,2019-05-31,Eric Nipah (PwC),Act 930 s.123(1),"BoG Notice, 31 May 2019 (microfinance)"
PRICE CAPITAL MICROFINANCE LIMITED,Microfinance,Insolvent and ceased operations,2019-05-31,Eric Nipah (PwC),Act 930 s.123(1),"BoG Notice, 31 May 2019 (microfinance)"
PROFIT POINT MICROFINANCE LIMITED,Microfinance,Insolvent and ceased operations,2019-05-31,Eric Nipah (PwC),Act 930 s.123(1),"BoG Notice, 31 May 2019 (microfinance)"
PRO-LINK MICROFINANCE LIMITED,Microfinance,Insolvent and ceased operations,2019-05-31,Eric Nipah (PwC),Act 930 s.123(1),"BoG Notice, 31 May 2019 (microfinance)"
PRUDENCE MICROFINANCE LIMITED,Microfinance,Insolvent and ceased operations,2019-05-31,Eric Nipah (PwC),Act 930 s.123(1),"BoG Notice, 31 May 2019 (microfinance)"
PURPLE MICROFINANCE LIMITED,Microfinance,Insolvent and ceased operations,2019-05-31,Eric Nipah (PwC),Act 930 s.123(1),"BoG Notice, 31 May 2019 (microfinance)"
QODESH MICROFINANCE LIMITED,Microfinance,Insolvent and ceased operations,2019-05-31,Eric Nipah (PwC),Act 930 s.123(1),"BoG Notice, 31 May 2019 (microfinance)"
QUICK ONE MICROFINANCE LIMITED,Microfinance,Insolvent and ceased operations,2019-05-31,Eric Nipah (PwC),Act 930 s.123(1),"BoG Notice, 31 May 2019 (microfinance)"
REELL MICROFINANCE LIMITED,Microfinance,Insolvent and ceased operations,2019-05-31,Eric Nipah (PwC),Act 930 s.123(1),"BoG Notice, 31 May 2019 (microfinance)"
RESTORE MICROFINANCE COMPANY LIMITED,Microfinance,Insolvent and ceased operations,2019-05-31,Eric Nipah (PwC),Act 930 s.123(1),"BoG Notice, 31 May 2019 (microfinance)"
RHOKIDA MICROFINANCE LIMITED,Microfinance,Insolvent and ceased operations,2019-05-31,Eric Nipah (PwC),Act 930 s.123(1),"BoG Notice, 31 May 2019 (microfinance)"
ROYAL FUTURE MICROFINANCE LIMITED,Microfinance,Insolvent and ceased operations,2019-05-31,Eric Nipah (PwC),Act 930 s.123(1),"BoG Notice, 31 May 2019 (microfinance)"
SAG AVE MARIA MICROFINANCE COMPANY LIMITED,Microfinance,Insolvent and ceased operations,2019-05-31,Eric Nipah (PwC),Act 930 s.123(1),"BoG Notice, 31 May 2019 (microfinance)"
SAY-ADSAM MICROFINANCE LIMITED,Microfinance,Insolvent and ceased operations,2019-05-31,Eric Nipah (PwC),Act 930 s.123(1),"BoG Notice, 31 May 2019 (microfinance)"
SEEDSHARE CAPITAL MICROFINANCE LIMITED,Microfinance,Insolvent and ceased operations,2019-05-31,Eric Nipah (PwC),Act 930 s.123(1),"BoG Notice, 31 May 2019 (microfinance)"
SHALOM MICROFINANCE COMPANY LIMITED,Microfinance,Insolvent and ceased operations,2019-05-31,Eric Nipah (PwC),Act 930 s.123(1),"BoG Notice, 31 May 2019 (microfinance)"
SHINE CREDIT MICROFINANCE LIMITED,Microfinance,Insolvent and ceased operations,2019-05-31,Eric Nipah (PwC),Act 930 s.123(1),"BoG Notice, 31 May 2019 (microfinance)"
SICA MICROFINANCE LIMITED,Microfinance,Insolvent and ceased operations,2019-05-31,Eric Nipah (PwC),Act 930 s.123(1),"BoG Notice, 31 May 2019 (microfinance)"
SILBAN CAPITAL MICROFINANCE LIMITED,Microfinance,Insolvent and ceased operations,2019-05-31,Eric Nipah (PwC),Act 930 s.123(1),"BoG Notice, 31 May 2019 (microfinance)"
SIM MICROFINANCE LIMITED,Microfinance,Insolvent and ceased operations,2019-05-31,Eric Nipah (PwC),Act 930 s.123(1),"BoG Notice, 31 May 2019 (microfinance)"
SKYCREDIT MICROFINANCE LIMITED,Microfinance,Insolvent and ceased operations,2019-05-31,Eric Nipah (PwC),Act 930 s.123(1),"BoG Notice, 31 May 2019 (microfinance)"
SKYY CREDITLINE MICROFINANCE LIMITED,Microfinance,Insolvent and ceased operations,2019-05-31,Eric Nipah (PwC),Act 930 s.123(1),"BoG Notice, 31 May 2019 (microfinance)"
SOLUTION PIONEERS MICROFINANCE COMPANY LIMITED,Microfinance,Insolvent and ceased operations,2019-05-31,Eric Nipah (PwC),Act 930 s.123(1),"BoG Notice, 31 May 2019 (microfinance)"
SS MICROFINANCE LIMITED,Microfinance,Insolvent and ceased operations,2019-05-31,Eric Nipah (PwC),Act 930 s.123(1),"BoG Notice, 31 May 2019 (microfinance)"
SS STACOTS MICROFINANCE COMPANY LIMITED,Microfinance,Insolvent and ceased operations,2019-05-31,Eric Nipah (PwC),Act 930 s.123(1),"BoG Notice, 31 May 2019 (microfinance)"
ST. MARY'S MICROFINANCE LIMITED,Microfinance,Insolvent and ceased operations,2019-05-31,Eric Nipah (PwC),Act 930 s.123(1),"BoG Notice, 31 May 2019 (microfinance)"
STALWART MICROFINANCE SERVICES LIMITED,Microfinance,Insolvent and ceased operations,2019-05-31,Eric Nipah (PwC),Act 930 s.123(1),"BoG Notice, 31 May 2019 (microfinance)"
STAR PLUS MICROFINANCE LIMITED,Microfinance,Insolvent and ceased operations,2019-05-31,Eric Nipah (PwC),Act 930 s.123(1),"BoG Notice, 31 May 2019 (microfinance)"
STAR WEALTH MICROFINANCE LIMITED,Microfinance,Insolvent and ceased operations,2019-05-31,Eric Nipah (PwC),Act 930 s.123(1),"BoG Notice, 31 May 2019 (microfinance)"
STRATEGIES MICROFINANCE SERVICES LIMITED,Microfinance,Insolvent and ceased operations,2019-05-31,Eric Nipah (PwC),Act 930 s.123(1),"BoG Notice, 31 May 2019 (microfinance)"
SWEET JESUS MICROFINANCE LIMITED,Microfinance,Insolvent and ceased operations,2019-05-31,Eric Nipah (PwC),Act 930 s.123(1),"BoG Notice, 31 May 2019 (microfinance)"
TBS CAPITAL MICROFINANCE LIMITED,Microfinance,Insolvent and ceased operations,2019-05-31,Eric Nipah (PwC),Act 930 s.123(1),"BoG Notice, 31 May 2019 (microfinance)"
THE INFORMAL PROJECT MICROFINANCE COMPANY,Microfinance,Insolvent and ceased operations,2019-05-31,Eric Nipah (PwC),Act 930 s.123(1),"BoG Notice, 31 May 2019 (microfinance)"
TIPPING POINT MICROFINANCE LIMITED,Microfinance,Insolvent and ceased operations,2019-05-31,Eric Nipah (PwC),Act 930 s.123(1),"BoG Notice, 31 May 2019 (microfinance)"
TRANS MICROFINANCE LIMITED,Microfinance,Insolvent and ceased operations,2019-05-31,Eric Nipah (PwC),Act 930 s.123(1),"BoG Notice, 31 May 2019 (microfinance)"
TURNING POINT MICROFINANCE COMPANY LIMITED,Microfinance,Insolvent and ceased operations,2019-05-31,Eric Nipah (PwC),Act 930 s.123(1),"BoG Notice, 31 May 2019 (microfinance)"
UNICORN HAPPY INVESTMENT MICROFINANCE LIMITED,Microfinance,Insolvent and ceased operations,2019-05-31,Eric Nipah (PwC),Act 930 s.123(1),"BoG Notice, 31 May 2019 (microfinance)"
V-SEED MICROFINANCE SERVICES LIMITED,Microfinance,Insolvent and ceased operations,2019-05-31,Eric Nipah (PwC),Act 930 s.123(1),"BoG Notice, 31 May 2019 (microfinance)"
WAXSON MICROFINANCE COMPANY LIMITED,Microfinance,Insolvent and ceased operations,2019-05-31,Eric Nipah (PwC),Act 930 s.123(1),"BoG Notice, 31 May 2019 (microfinance)"
WESTERN ALLIED MICROFINANCE LIMITED,Microfinance,Insolvent and ceased operations,2019-05-31,Eric Nipah (PwC),Act 930 s.123(1),"BoG Notice, 31 May 2019 (microfinance)"
WETLAND MICROFINANCE LIMITED,Microfinance,Insolvent and ceased operations,2019-05-31,Eric Nipah (PwC),Act 930 s.123(1),"BoG Notice, 31 May 2019 (microfinance)"
WIMAC TRUST MICROFINANCE LIMITED,Microfinance,Insolvent and ceased operations,2019-05-31,Eric Nipah (PwC),Act 930 s.123(1),"BoG Notice, 31 May 2019 (microfinance)"
WISELINK MICROFINANCE COMPANY LIMITED,Microfinance,Insolvent and ceased operations,2019-05-31,Eric Nipah (PwC),Act 930 s.123(1),"BoG Notice, 31 May 2019 (microfinance)"
XEROX MICROFINANCE SERVICES LIMITED,Microfinance,Insolvent and ceased operations,2019-05-31,Eric Nipah (PwC),Act 930 s.123(1),"BoG Notice, 31 May 2019 (microfinance)"
Allied Wealth Money Lending Limited,Microcredit / money lending,Insolvent,2019-05-31,Not applicable (wound up via Registrar),Act 774 s.7,"BoG Notice, 31 May 2019 (microcredit)"
Bennet Money Lending Limited,Microcredit / money lending,Insolvent,2019-05-31,Not applicable (wound up via Registrar),Act 774 s.7,"BoG Notice, 31 May 2019 (microcredit)"
Bremco Money Lending Company Limited,Microcredit / money lending,Insolvent,2019-05-31,Not applicable (wound up via Registrar),Act 774 s.7,"BoG Notice, 31 May 2019 (microcredit)"
Calmad Money Lending Company Limited,Microcredit / money lending,Insolvent,2019-05-31,Not applicable (wound up via Registrar),Act 774 s.7,"BoG Notice, 31 May 2019 (microcredit)"
Catamount Finance Money Lending Limited,Microcredit / money lending,Insolvent,2019-05-31,Not applicable (wound up via Registrar),Act 774 s.7,"BoG Notice, 31 May 2019 (microcredit)"
Citizens Money Lending Limited,Microcredit / money lending,Insolvent,2019-05-31,Not applicable (wound up via Registrar),Act 774 s.7,"BoG Notice, 31 May 2019 (microcredit)"
Divine Announcement Money Lending,Microcredit / money lending,Insolvent,2019-05-31,Not applicable (wound up via Registrar),Act 774 s.7,"BoG Notice, 31 May 2019 (microcredit)"
Fountain Money Lending Services Limited,Microcredit / money lending,Insolvent,2019-05-31,Not applicable (wound up via Registrar),Act 774 s.7,"BoG Notice, 31 May 2019 (microcredit)"
GDFS Money Lending Limited,Microcredit / money lending,Insolvent,2019-05-31,Not applicable (wound up via Registrar),Act 774 s.7,"BoG Notice, 31 May 2019 (microcredit)"
GFI Capital Management Money Lending Limited,Microcredit / money lending,Insolvent,2019-05-31,Not applicable (wound up via Registrar),Act 774 s.7,"BoG Notice, 31 May 2019 (microcredit)"
Great Africa Money Lending Limited,Microcredit / money lending,Insolvent,2019-05-31,Not applicable (wound up via Registrar),Act 774 s.7,"BoG Notice, 31 May 2019 (microcredit)"
Hatmag Money Lending Limited,Microcredit / money lending,Insolvent,2019-05-31,Not applicable (wound up via Registrar),Act 774 s.7,"BoG Notice, 31 May 2019 (microcredit)"
Haubins Money Lending Limited,Microcredit / money lending,Insolvent,2019-05-31,Not applicable (wound up via Registrar),Act 774 s.7,"BoG Notice, 31 May 2019 (microcredit)"
Index Money Lending Limited,Microcredit / money lending,Insolvent,2019-05-31,Not applicable (wound up via Registrar),Act 774 s.7,"BoG Notice, 31 May 2019 (microcredit)"
KAF Investment Money Lending Limited,Microcredit / money lending,Insolvent,2019-05-31,Not applicable (wound up via Registrar),Act 774 s.7,"BoG Notice, 31 May 2019 (microcredit)"
KBN Money Lending Limited,Microcredit / money lending,Insolvent,2019-05-31,Not applicable (wound up via Registrar),Act 774 s.7,"BoG Notice, 31 May 2019 (microcredit)"
KYC Money Lending Limited,Microcredit / money lending,Insolvent,2019-05-31,Not applicable (wound up via Registrar),Act 774 s.7,"BoG Notice, 31 May 2019 (microcredit)"
McOttley Money Lending Limited,Microcredit / money lending,Insolvent,2019-05-31,Not applicable (wound up via Registrar),Act 774 s.7,"BoG Notice, 31 May 2019 (microcredit)"
N & J Money Lending Limited,Microcredit / money lending,Insolvent,2019-05-31,Not applicable (wound up via Registrar),Act 774 s.7,"BoG Notice, 31 May 2019 (microcredit)"
Obrapa Money Lending Limited,Microcredit / money lending,Insolvent,2019-05-31,Not applicable (wound up via Registrar),Act 774 s.7,"BoG Notice, 31 May 2019 (microcredit)"
One2One Money Lending Services Limited,Microcredit / money lending,Insolvent,2019-05-31,Not applicable (wound up via Registrar),Act 774 s.7,"BoG Notice, 31 May 2019 (microcredit)"
Orbit Money Lending Co. Limited,Microcredit / money lending,Insolvent,2019-05-31,Not applicable (wound up via Registrar),Act 774 s.7,"BoG Notice, 31 May 2019 (microcredit)"
Pitsea Ways Money Lenders Limited,Microcredit / money lending,Insolvent,2019-05-31,Not applicable (wound up via Registrar),Act 774 s.7,"BoG Notice, 31 May 2019 (microcredit)"
P-Mag Investment Money Lending Services Limited,Microcredit / money lending,Insolvent,2019-05-31,Not applicable (wound up via Registrar),Act 774 s.7,"BoG Notice, 31 May 2019 (microcredit)"
Sat Finance Money Lending Limited,Microcredit / money lending,Insolvent,2019-05-31,Not applicable (wound up via Registrar),Act 774 s.7,"BoG Notice, 31 May 2019 (microcredit)"
Shammah Capital Money Lending Limited,Microcredit / money lending,Insolvent,2019-05-31,Not applicable (wound up via Registrar),Act 774 s.7,"BoG Notice, 31 May 2019 (microcredit)"
SNJ Money Lending Limited,Microcredit / money lending,Insolvent,2019-05-31,Not applicable (wound up via Registrar),Act 774 s.7,"BoG Notice, 31 May 2019 (microcredit)"
Uni-focus Money Lending Limited,Microcredit / money lending,Insolvent,2019-05-31,Not applicable (wound up via Registrar),Act 774 s.7,"BoG Notice, 31 May 2019 (microcredit)"
Zeta Money Lending Limited,Microcredit / money lending,Insolvent,2019-05-31,Not applicable (wound up via Registrar),Act 774 s.7,"BoG Notice, 31 May 2019 (microcredit)"
Boafo Yena Money Lending Limited,Microcredit / money lending,Insolvent and ceased operations,2019-05-31,Not applicable (wound up via Registrar),Act 774 s.7,"BoG Notice, 31 May 2019 (microcredit)"
CFI Money Lending Limited,Microcredit / money lending,Insolvent and ceased operations,2019-05-31,Not applicable (wound up via Registrar),Act 774 s.7,"BoG Notice, 31 May 2019 (microcredit)"
CIF Money Lending,Microcredit / money lending,Insolvent and ceased operations,2019-05-31,Not applicable (wound up via Registrar),Act 774 s.7,"BoG Notice, 31 May 2019 (microcredit)"
First Assurance Money Lending Services Limited,Microcredit / money lending,Insolvent and ceased operations,2019-05-31,Not applicable (wound up via Registrar),Act 774 s.7,"BoG Notice, 31 May 2019 (microcredit)"
Global Point Investment and Money Lending Services Limited,Microcredit / money lending,Insolvent and ceased operations,2019-05-31,Not applicable (wound up via Registrar),Act 774 s.7,"BoG Notice, 31 May 2019 (microcredit)"
Intelligent Money Lending Company Limited,Microcredit / money lending,Insolvent and ceased operations,2019-05-31,Not applicable (wound up via Registrar),Act 774 s.7,"BoG Notice, 31 May 2019 (microcredit)"
Kan Money Lending Company Limited,Microcredit / money lending,Insolvent and ceased operations,2019-05-31,Not applicable (wound up via Registrar),Act 774 s.7,"BoG Notice, 31 May 2019 (microcredit)"
PD PAG Money Lending Limited,Microcredit / money lending,Insolvent and ceased operations,2019-05-31,Not applicable (wound up via Registrar),Act 774 s.7,"BoG Notice, 31 May 2019 (microcredit)"
R.P.I.C. Money Lending Services Limited,Microcredit / money lending,Insolvent and ceased operations,2019-05-31,Not applicable (wound up via Registrar),Act 774 s.7,"BoG Notice, 31 May 2019 (microcredit)"
TCP Money Lending Limited,Microcredit / money lending,Insolvent and ceased operations,2019-05-31,Not applicable (wound up via Registrar),Act 774 s.7,"BoG Notice, 31 May 2019 (microcredit)"
Accent Financial Services Ltd,Finance House,Insolvent,2019-08-16,Eric Nipah (PwC),Act 930 s.123(1),"BoG Notice, 16 Aug 2019 (savings & loans / finance houses)"
Adom Savings and Loans Ltd,Savings and Loans Company,Insolvent,2019-08-16,Eric Nipah (PwC),Act 930 s.123(1),"BoG Notice, 16 Aug 2019 (savings & loans / finance houses)"
AllTime Finance Ltd,Finance House,Insolvent,2019-08-16,Eric Nipah (PwC),Act 930 s.123(1),"BoG Notice, 16 Aug 2019 (savings & loans / finance houses)"
Alpha Capital Savings and Loans Ltd,Savings and Loans Company,Insolvent,2019-08-16,Eric Nipah (PwC),Act 930 s.123(1),"BoG Notice, 16 Aug 2019 (savings & loans / finance houses)"
ASN Financial Services Ltd,Savings and Loans Company,Insolvent,2019-08-16,Eric Nipah (PwC),Act 930 s.123(1),"BoG Notice, 16 Aug 2019 (savings & loans / finance houses)"
CDH Savings and Loans Ltd,Savings and Loans Company,Insolvent,2019-08-16,Eric Nipah (PwC),Act 930 s.123(1),"BoG Notice, 16 Aug 2019 (savings & loans / finance houses)"
Commerz Savings and Loans Ltd,Savings and Loans Company,Insolvent,2019-08-16,Eric Nipah (PwC),Act 930 s.123(1),"BoG Notice, 16 Aug 2019 (savings & loans / finance houses)"
Crest Finance House Ltd,Finance House,Insolvent,2019-08-16,Eric Nipah (PwC),Act 930 s.123(1),"BoG Notice, 16 Aug 2019 (savings & loans / finance houses)"
Dream Finance Company Ltd,Finance House,Insolvent,2019-08-16,Eric Nipah (PwC),Act 930 s.123(1),"BoG Notice, 16 Aug 2019 (savings & loans / finance houses)"
Express Savings and Loans Company Ltd,Savings and Loans Company,Insolvent,2019-08-16,Eric Nipah (PwC),Act 930 s.123(1),"BoG Notice, 16 Aug 2019 (savings & loans / finance houses)"
First African Savings & Loans Company Ltd,Savings and Loans Company,Insolvent,2019-08-16,Eric Nipah (PwC),Act 930 s.123(1),"BoG Notice, 16 Aug 2019 (savings & loans / finance houses)"
First Allied Savings and Loans Co. Ltd,Savings and Loans Company,Insolvent,2019-08-16,Eric Nipah (PwC),Act 930 s.123(1),"BoG Notice, 16 Aug 2019 (savings & loans / finance houses)"
First Ghana Savings and Loans Co. Ltd,Savings and Loans Company,Insolvent,2019-08-16,Eric Nipah (PwC),Act 930 s.123(1),"BoG Notice, 16 Aug 2019 (savings & loans / finance houses)"
FirstTrust Savings and Loans Ltd,Savings and Loans Company,Insolvent,2019-08-16,Eric Nipah (PwC),Act 930 s.123(1),"BoG Notice, 16 Aug 2019 (savings & loans / finance houses)"
Global Access Savings and Loans Company Ltd,Savings and Loans Company,Insolvent,2019-08-16,Eric Nipah (PwC),Act 930 s.123(1),"BoG Notice, 16 Aug 2019 (savings & loans / finance houses)"
GN Savings and Loans Ltd,Finance House,Insolvent,2019-08-16,Eric Nipah (PwC),Act 930 s.123(1),"BoG Notice, 16 Aug 2019 (savings & loans / finance houses)"
Ideal Finance Ltd,Finance House,Insolvent,2019-08-16,Eric Nipah (PwC),Act 930 s.123(1),"BoG Notice, 16 Aug 2019 (savings & loans / finance houses)"
IFS Financial Services Ltd,Savings and Loans Company,Insolvent,2019-08-16,Eric Nipah (PwC),Act 930 s.123(1),"BoG Notice, 16 Aug 2019 (savings & loans / finance houses)"
Legacy Capital Savings and Loans Ltd,Savings and Loans Company,Insolvent,2019-08-16,Eric Nipah (PwC),Act 930 s.123(1),"BoG Notice, 16 Aug 2019 (savings & loans / finance houses)"
Midland Savings and Loans Company Ltd,Finance House,Insolvent,2019-08-16,Eric Nipah (PwC),Act 930 s.123(1),"BoG Notice, 16 Aug 2019 (savings & loans / finance houses)"
Sterling Financial Services Ltd,Savings and Loans Company,Insolvent,2019-08-16,Eric Nipah (PwC),Act 930 s.123(1),"BoG Notice, 16 Aug 2019 (savings & loans / finance houses)"
Unicredit Savings and Loans Ltd,Savings and Loans Company,Insolvent,2019-08-16,Eric Nipah (PwC),Act 930 s.123(1),"BoG Notice, 16 Aug 2019 (savings & loans / finance houses)"
Women's World Banking Savings and Loans Co. Ltd,Savings and Loans Company,Insolvent,2019-08-16,Eric Nipah (PwC),Act 930 s.123(1),"BoG Notice, 16 Aug 2019 (savings & loans / finance houses)"
UT Bank Ltd.,Universal bank,Licence revoked,2017-08-14,Purchase & assumption by GCB Bank,Act 930,BoG press releases 2017-2019 - VERIFY against primary source
Capital Bank Ltd.,Universal bank,Licence revoked,2017-08-14,Purchase & assumption by GCB Bank,Act 930,BoG press releases 2017-2019 - VERIFY against primary source
uniBank Ghana Ltd.,Universal bank,Licence revoked,2018-08-01,Consolidated into Consolidated Bank Ghana,Act 930,BoG press releases 2017-2019 - VERIFY against primary source
The Royal Bank Ltd.,Universal bank,Licence revoked,2018-08-01,Consolidated into Consolidated Bank Ghana,Act 930,BoG press releases 2017-2019 - VERIFY against primary source
Beige Bank Ltd.,Universal bank,Licence revoked,2018-08-01,Consolidated into Consolidated Bank Ghana,Act 930,BoG press releases 2017-2019 - VERIFY against primary source
Sovereign Bank Ltd.,Universal bank,Licence revoked,2018-08-01,Consolidated into Consolidated Bank Ghana,Act 930,BoG press releases 2017-2019 - VERIFY against primary source
Construction Bank Ltd.,Universal bank,Licence revoked,2018-08-01,Consolidated into Consolidated Bank Ghana,Act 930,BoG press releases 2017-2019 - VERIFY against primary source
Premium Bank Ltd.,Universal bank,Licence revoked,2019-01-04,Consolidated into Consolidated Bank Ghana,Act 930,BoG press releases 2017-2019 - VERIFY against primary source
Heritage Bank Ltd.,Universal bank,Licence revoked,2019-01-04,Consolidated into Consolidated Bank Ghana,Act 930,BoG press releases 2017-2019 - VERIFY against primary source
